completed,count,completion_rate
False,14790,49.70259098699466
True,14967,50.29740901300534
