departmentId,completion_rate,id,name
1,50.50190377293181,1,Development
2,50.11570247933884,2,Quality Assurance
3,50.301406563965166,3,DevOps
4,50.29566360052562,4,Product Management
5,49.317738791423,5,Human Resources
6,50.45486354093772,6,Sales
7,51.56829679595278,7,Marketing
8,49.81537428667338,8,Customer Support
9,50.71138211382114,9,IT Support
10,49.94968131499497,10,Research and Development
